Code,English,Santali (Ol Chiki)
O,,
,,
Occitan ► oc,Occitan,ᱳᱥᱤᱴᱟᱱ
Odia ► or,Odia,ᱳᱰᱤᱭᱟ
Ojibwa ► oj,Ojibwa,ᱳᱡᱤᱵᱽᱣᱟ
Old English ► ang,Old English,ᱢᱟᱨᱮ ᱤᱝᱞᱤᱥ
Old French ► fro,Old French,ᱢᱟᱨᱮ ᱯᱷᱨᱮᱧᱪ
Old High German ► goh,Old High German,ᱢᱟᱨᱮ ᱩᱥᱩᱞ ᱡᱟᱹᱨᱢᱟᱹᱱ
Old Irish ► sga,Old Irish,ᱢᱟᱨᱮ ᱤᱨᱤᱥ
Old Norse ► non,Old Norse,ᱢᱟᱨᱮ ᱱᱚᱨᱥ
Old Persian ► peo,Old Persian,ᱢᱟᱨᱮ ᱯᱟᱹᱨᱥᱤᱭᱟᱹᱱ
Old Provençal ► pro,Old Provençal,ᱢᱟᱨᱮ ᱯᱨᱚᱵᱷᱮᱱᱠᱟᱞ
Oromo ► om,Oromo,ᱳᱨᱚᱢᱚ
Osage ► osa,Osage,ᱳᱥᱮᱜᱽ
Ossetic ► os,Ossetic,ᱳᱥᱮᱴᱤᱠ
Ottoman Turkish ► ota,Ottoman Turkish,ᱳᱴᱚᱢᱟᱱ ᱴᱟᱹᱨᱠᱤᱥ
,,
,,
P,,
,,
Pahlavi ► pal,Pahlavi,ᱯᱟᱦᱞᱟᱹᱣᱤ
Palatine German ► pfl,Palatine German,ᱯᱟᱞᱟᱴᱤᱱ ᱡᱟᱹᱨᱢᱟᱹᱱ
Palauan ► pau,Palauan,ᱯᱟᱞᱟᱩᱣᱟᱱ
Pali ► pi,Pali,ᱯᱟᱞᱤ
Pampanga ► pam,Pampanga,ᱯᱟᱢᱯᱟᱱᱜᱟ
Pangasinan ► pag,Pangasinan,ᱯᱟᱱᱜᱟᱥᱤᱱᱟᱱ
Papiamento ► pap,Papiamento,ᱯᱟᱯᱤᱭᱟᱢᱮᱱᱴᱚ
Pashto ► ps,Pashto,ᱯᱟᱥᱛᱚ
Pashto ► ps-variant,Pushto,ᱯᱩᱥᱛᱚ
Pennsylvania German ► pdc,Pennsylvania German,ᱯᱮᱱᱭᱥᱮᱞᱵᱷᱤᱭᱟ ᱡᱟᱹᱨᱢᱟᱹᱱ
Persian ► fa,Persian,ᱯᱟᱹᱨᱥᱤᱭᱟᱹᱱ
Persian ► fa_AF,Dari,ᱰᱟᱨᱤ
Phoenician ► phn,Phoenician,ᱯᱷᱚᱮᱱᱤᱥᱤᱭᱟᱹᱱ
Picard ► pcd,Picard,ᱯᱤᱠᱟᱰ
Piedmontese ► pms,Piedmontese,ᱯᱟᱭᱮᱰᱢᱚᱱᱴᱤᱡᱽ
Plautdietsch ► pdt,Plautdietsch,ᱯᱞᱟᱣᱴᱰᱟᱭᱮᱴᱥᱪ
Pohnpeian ► pon,Pohnpeian,ᱯᱚᱦᱱᱯᱮᱭᱟᱹᱱ
Polish ► pl,Polish,ᱯᱚᱞᱤᱥ
Pontic ► pnt,Pontic,ᱯᱚᱱᱴᱤᱠ
Portuguese ► pt,Portuguese,ᱯᱩᱨᱛᱜᱟᱞᱤ
Portuguese ► pt_BR,Brazilian Portuguese,ᱵᱨᱟᱡᱤᱞᱤᱭᱟᱱ ᱯᱩᱨᱛᱜᱟᱞᱤ
Portuguese ► pt_PT,European Portuguese,ᱭᱩᱨᱚᱯᱤᱭᱟᱱ ᱯᱩᱨᱛᱜᱟᱞᱤ
Prussian ► prg,Prussian,ᱯᱨᱩᱥᱤᱭᱟᱹᱱ
Punjabi ► pa,Punjabi,ᱯᱚᱧᱡᱟᱵᱤ
,,
,,
Q,,
,,
Quechua ► qu,Quechua,ᱠᱣᱮᱪᱷᱩᱣᱟ
,,
,,
R,,
,,
Rajasthani ► raj,Rajasthani,ᱨᱟᱡᱚᱥᱛᱷᱟᱱᱤ
Rapanui ► rap,Rapanui,ᱨᱟᱯᱟᱩᱱᱤ
Rarotongan ► rar,Rarotongan,ᱨᱟᱨᱚᱴᱚᱱᱜᱟᱱ
Riffian ► rif,Riffian,ᱨᱤᱯᱷᱤᱭᱟᱱ
Romagnol ► rgn,Romagnol,ᱨᱚᱢᱟᱝᱱᱚᱞ
Romanian ► ro,Romanian,ᱨᱚᱢᱟᱱᱤᱭᱟᱹᱱ
Romanian ► ro_MD,Moldavian,ᱢᱚᱞᱰᱟᱵᱷᱤᱭᱟᱹᱱ
Romansh ► rm,Romansh,ᱨᱚᱢᱟᱱᱥ
Romany ► rom,Romany,ᱨᱚᱢᱟᱱᱭ
Rombo ► rof,Rombo,ᱨᱚᱢᱵᱚ
Rotuman ► rtm,Rotuman,ᱨᱚᱴᱩᱢᱟᱱ
Roviana ► rug,Roviana,ᱨᱚᱣᱤᱭᱟᱱᱟ
Rundi ► rn,Rundi,ᱨᱩᱱᱰᱤ
Russian ► ru,Russian,ᱨᱩᱥᱤᱭᱟᱱ
Rusyn ► rue,Rusyn,ᱨᱩᱥᱤᱱ
Rwa ► rwk,Rwa,ᱨᱣᱟ
,,
,,
S,,
,,
Saho ► ssy,Saho,ᱥᱟᱦᱚ
Sakha ► sah,Sakha,ᱥᱟᱠᱷᱟ
Samaritan Aramaic ► sam,Samaritan Aramaic,ᱥᱟᱢᱟᱨᱤᱴᱟᱱ ᱟᱨᱟᱢᱟᱭᱤᱠ
Samburu ► saq,Samburu,ᱥᱟᱢᱵᱩᱨᱩ
Samoan ► sm,Samoan,ᱥᱟᱢᱚᱣᱟᱱ
Samogitian ► sgs,Samogitian,ᱥᱟᱢᱚᱜᱤᱛᱤᱭᱟᱱ
Sandawe ► sad,Sandawe,ᱥᱟᱱᱰᱟᱣᱮ
Sango ► sg,Sango,ᱥᱟᱱᱜᱚ
Sangu ► sbp,Sangu,ᱥᱟᱱᱜᱩ
Sanskrit ► sa,Sanskrit,ᱥᱟᱹᱱᱥᱠᱨᱤᱛ
Santali ► sat,Santali,ᱥᱟᱱᱛᱟᱲᱤ
Sardinian ► sc,Sardinian,ᱥᱟᱨᱰᱤᱱᱤᱭᱟᱹᱱ
Sasak ► sas,Sasak,ᱥᱟᱥᱟᱠ
Sassarese Sardinian ► sdc,Sassarese Sardinian,ᱥᱟᱥᱟᱨᱤᱥ ᱥᱟᱨᱰᱤᱱᱤᱭᱟᱹᱱ
Saterland Frisian ► stq,Saterland Frisian,ᱥᱟᱛᱮᱨᱞᱮᱸᱱᱰ ᱯᱷᱨᱤᱥᱤᱭᱟᱹᱱ
Saurashtra ► saz,Saurashtra,ᱥᱟᱣᱨᱟᱥᱴᱨᱚ
Scots ► sco,Scots,ᱥᱠᱚᱴᱥ
Scottish Gaelic ► gd,Scottish Gaelic,ᱥᱠᱚᱴᱤᱥ ᱜᱮᱞᱤᱠ
Selayar ► sly,Selayar,ᱥᱮᱞᱟᱭᱟᱨ
Selkup ► sel,Selkup,ᱥᱮᱞᱠᱟᱹᱯ
Sena ► seh,Sena,ᱥᱮᱱᱟ
Seneca ► see,Seneca,ᱥᱮᱱᱮᱠᱟ
Serbian ► sr,Serbian,ᱥᱟᱹᱨᱵᱤᱭᱟᱹᱱ
Serbian ► sr_ME,Montenegrin,ᱢᱚᱱᱴᱮᱱᱮᱜᱽᱨᱤᱱ
Serbo-Croatian ► sh,Serbo-Croatian,ᱥᱟᱹᱨᱵᱚᱼᱠᱨᱚᱮᱥᱤᱭᱟᱹᱱ
Serer ► srr,Serer,ᱥᱮᱨᱮᱨ
Seri ► sei,Seri,ᱥᱮᱨᱤ
Seselwa Creole French ► crs,Seselwa Creole French,ᱥᱮᱥᱮᱞᱣᱟ ᱠᱨᱮᱚᱞᱮ ᱯᱷᱨᱮᱧᱪ
Shambala ► ksb,Shambala,ᱥᱟᱹᱢᱵᱟᱞᱟ
Shan ► shn,Shan,ᱥᱟᱱ
Shona ► sn,Shona,ᱥᱚᱱᱟ
Sichuan Yi ► ii,Sichuan Yi,ᱥᱤᱪᱷᱩᱣᱟᱱ ᱭᱤ
Sicilian ► scn,Sicilian,ᱥᱟᱭᱪᱤᱞᱤᱭᱟᱹᱱ
Sidamo ► sid,Sidamo,ᱥᱤᱰᱟᱢᱚ
Siksika ► bla,Siksika,ᱥᱤᱠᱥᱤᱠᱟ
Silesian ► szl,Silesian,ᱥᱤᱞᱮᱥᱤᱭᱟᱱ
Sindhi ► sd,Sindhi,ᱥᱤᱱᱫᱷᱤ
Sinhala ► si,Sinhala,ᱥᱤᱱᱦᱟᱞᱟ
Skolt Sami ► sms,Skolt Sami,ᱥᱠᱚᱞᱴ ᱥᱟᱢᱤ
Slave ► den,Slave,ᱥᱞᱮᱣ
Slovak ► sk,Slovak,ᱥᱞᱚᱣᱟᱠ
Slovenian ► sl,Slovenian,ᱥᱞᱚᱣᱮᱱᱤᱭᱟᱱ
Soga ► xog,Soga,ᱥᱚᱜᱟ
Sogdien ► sog,Sogdien,ᱥᱚᱜᱽᱰᱤᱭᱟᱹᱱ
Somali ► so,Somali,ᱥᱚᱢᱟᱞᱤ
Soninke ► snk,Soninke,ᱥᱚᱱᱤᱱᱠᱮ
South Ndebele ► nr,South Ndebele,ᱠᱚᱸᱭᱮ ᱱᱮᱵᱮᱞᱮ
Southern Altai ► alt,Southern Altai,ᱠᱚᱸᱭᱮ ᱟᱹᱞᱛᱟᱭ
Southern Kurdish ► sdh,Southern Kurdish,ᱠᱚᱸᱭᱮ ᱠᱩᱨᱫᱤᱥ 
Southern Sami ► sma,Southern Sami,ᱠᱚᱸᱭᱮ ᱥᱟᱢᱤ
Southern Sotho ► st,Southern Sotho,ᱠᱚᱸᱭᱮ ᱥᱚᱛᱷᱚ
Spanish ► es,Spanish,ᱥᱯᱮᱱᱤᱥ
Spanish ► es_419,Latin American Spanish,ᱞᱮᱴᱤᱱ ᱟᱢᱮᱨᱤᱠᱟᱱ ᱥᱯᱮᱱᱤᱥ
Spanish ► es_ES,European Spanish,ᱭᱩᱨᱚᱯᱤᱭᱟᱹᱱ ᱥᱯᱮᱱᱤᱥ
Spanish ► es_MX,Mexican Spanish,ᱢᱮᱠᱥᱤᱠᱟᱱ ᱥᱯᱮᱱᱤᱥ
Sranan Tongo ► srn,Sranan Tongo,ᱥᱨᱟᱱᱟᱱ ᱴᱚᱝᱜᱚ
Standard Moroccan Tamazight ► zgh,Standard Moroccan Tamazight,ᱢᱟᱱᱚᱠ ᱢᱚᱨᱚᱠᱟᱱ ᱴᱟᱢᱟᱡᱤᱜᱷᱛ
Sukuma ► suk,Sukuma,ᱥᱩᱠᱤᱢᱟ
Sumerian ► sux,Sumerian,ᱥᱩᱢᱮᱨᱤᱭᱟᱹᱱ
Sundanese ► su,Sundanese,ᱥᱩᱱᱰᱟᱱᱤᱡᱽ
Susu ► sus,Susu,ᱥᱩᱥᱩ
Swahili ► sw,Swahili,ᱥᱣᱟᱦᱤᱞᱤ
Swahili ► sw_CD,Congo Swahili,ᱠᱚᱝᱜᱚ ᱥᱣᱟᱦᱤᱞᱤ
Swati ► ss,Swati,ᱥᱣᱟᱛᱤ
Swedish ► sv,Swedish,ᱥᱣᱮᱫᱤᱥ
Swiss German ► gsw,Swiss German,ᱥᱣᱤᱥ ᱡᱟᱹᱨᱢᱟᱹᱱ
Syriac ► syr,Syriac,ᱥᱭᱨᱤᱭᱟᱠ
,,
,,
,,
